name,surname,email,gender,department
Edin,Bairstow,ebairstow0@cdc.gov,Female,Legal
Ronald,Maple,rmaple1@house.gov,Male,Product Management
Julius,Turgoose,jturgoose2@usnews.com,Male,Accounting
Beatrice,Andresser,bandresser3@engadget.com,Female,Sales
Jeni,McPeeters,jmcpeeters4@tumblr.com,Female,Support
Jandy,Sirr,jsirr5@jigsy.com,Female,Research and Development
Royal,Fairlie,rfairlie6@tinyurl.com,Male,Human Resources
Rodney,Bastick,rbastick7@1688.com,Male,Human Resources
Shane,Osselton,sosselton8@eventbrite.com,Male,Engineering
Maddy,Goodricke,mgoodricke9@icio.us,Male,Human Resources
Dorelia,Elan,delana@dot.gov,Female,Human Resources
Letty,Divine,ldivineb@opera.com,Female,Training
Oates,Scamerdine,oscamerdinec@hibu.com,Male,Accounting
Harwell,Cummine,hcummined@google.co.jp,Male,Sales
Tan,Caswall,tcaswalle@list-manage.com,Male,Human Resources
Say,Puddefoot,spuddefootf@buzzfeed.com,Male,Product Management
Con,Summersby,csummersbyg@cargocollective.com,Male,Support
Hilario,Borham,hborhamh@addthis.com,Male,Research and Development
Ali,Chaplin,achaplini@wunderground.com,Polygender,Support
Laurie,Way,lwayj@shinystat.com,Male,Accounting
Marie-jeanne,Nancarrow,mnancarrowk@opensource.org,Female,Services
Drucie,Vinall,dvinalll@goodreads.com,Female,Services
Lawry,Bodicum,lbodicumm@wiley.com,Male,Accounting
Hazel,Batterton,hbattertonn@sogou.com,Female,Human Resources
Drusie,Davidsson,ddavidssono@theatlantic.com,Female,Training
Melitta,Landrieu,mlandrieup@businessweek.com,Female,Human Resources
Masha,Saltsberger,msaltsbergerq@illinois.edu,Polygender,Product Management
Pippy,Craker,pcrakerr@imdb.com,Female,Marketing
Dimitry,Redsell,dredsells@exblog.jp,Male,Services
Feliza,Mosen,fmosent@ucoz.com,Female,Training
Halimeda,Norwood,hnorwoodu@unicef.org,Female,Engineering
Francesco,Note,fnotev@google.nl,Genderfluid,Research and Development
Velma,Dilon,vdilonw@ed.gov,Female,Training
Valeda,Coryndon,vcoryndonx@accuweather.com,Female,Sales
Lucine,Wordsley,lwordsleyy@jugem.jp,Female,Research and Development
Georgeta,Kill,gkillz@g.co,Female,Sales
Ariana,Boyde,aboyde10@dyndns.org,Female,Engineering
Angel,Francisco,afrancisco11@globo.com,Male,Product Management
Melvin,Belham,mbelham12@sakura.ne.jp,Male,Business Development
Kenna,Wathall,kwathall13@istockphoto.com,Female,Engineering
Wheeler,Deschelle,wdeschelle14@acquirethisname.com,Non-binary,Services
Nanon,Yellop,nyellop15@cornell.edu,Female,Accounting
Rhody,Gresch,rgresch16@tumblr.com,Female,Accounting
Cordy,Hardin,chardin17@weibo.com,Male,Product Management
Amii,Wardingly,awardingly18@google.com.hk,Female,Legal
Philippa,Delion,pdelion19@hp.com,Female,Training
Mattheus,Dellenty,mdellenty1a@msn.com,Male,Support
Giralda,Mumberson,gmumberson1b@npr.org,Female,Marketing
Dena,Calf,dcalf1c@weibo.com,Female,Services
Gayler,MacCafferky,gmaccafferky1d@google.com,Male,Research and Development
Humfrid,Gore,hgore1e@yahoo.com,Male,Human Resources
Kerwin,Huffy,khuffy1f@themeforest.net,Genderqueer,Human Resources
Wilhelmina,Gormley,wgormley1g@samsung.com,Female,Accounting
Gib,Lippiatt,glippiatt1h@ft.com,Male,Support
Lief,Redwall,lredwall1i@mail.ru,Male,Accounting
Adaline,Lund,alund1j@mayoclinic.com,Female,Human Resources
Cara,Althrop,calthrop1k@amazon.de,Female,Sales
Car,Allcroft,callcroft1l@dagondesign.com,Male,Support
Page,Pencot,ppencot1m@last.fm,Female,Training
Kelcey,Portigall,kportigall1n@ca.gov,Female,Human Resources
Anna-diana,Nowaczyk,anowaczyk1o@hhs.gov,Genderqueer,Marketing
Maurice,Haddeston,mhaddeston1p@un.org,Male,Accounting
Lila,Cisar,lcisar1q@webmd.com,Female,Accounting
Ruddie,Closs,rcloss1r@wikimedia.org,Male,Accounting
Daren,Churn,dchurn1s@devhub.com,Male,Training
Nicolle,Adolphine,nadolphine1t@sitemeter.com,Female,Sales
Hermann,Slott,hslott1u@bbc.co.uk,Male,Marketing
Sylas,Sweedland,ssweedland1v@auda.org.au,Genderqueer,Research and Development
Lane,McCory,lmccory1w@google.ru,Female,Accounting
Rodolph,Yerill,ryerill1x@4shared.com,Male,Research and Development
Lyell,Petracci,lpetracci1y@feedburner.com,Agender,Sales
Georgeta,Stayte,gstayte1z@wufoo.com,Female,Product Management
Kirby,Chennells,kchennells20@nih.gov,Male,Product Management
Haily,Yeomans,hyeomans21@privacy.gov.au,Male,Product Management
Kimbell,Leahair,kleahair22@nifty.com,Male,Marketing
Nicky,Henighan,nhenighan23@abc.net.au,Female,Research and Development
Miriam,Dilke,mdilke24@google.it,Female,Marketing
Carolynn,Klimshuk,cklimshuk25@wunderground.com,Female,Services
Beulah,Dillet,bdillet26@europa.eu,Female,Services
Issie,Patrie,ipatrie27@about.com,Female,Accounting
Woodie,Brooker,wbrooker28@uiuc.edu,Male,Research and Development
Virge,Church,vchurch29@163.com,Male,Human Resources
Bartholomeo,Plunket,bplunket2a@flavors.me,Male,Legal
Jerald,Kirckman,jkirckman2b@chronoengine.com,Male,Marketing
Eadmund,Hum,ehum2c@infoseek.co.jp,Male,Engineering
Stormie,Simson,ssimson2d@dmoz.org,Female,Services
Karita,Jakolevitch,kjakolevitch2e@instagram.com,Female,Legal
Emmanuel,Knowlden,eknowlden2f@guardian.co.uk,Genderqueer,Product Management
Perren,Eckhard,peckhard2g@mail.ru,Genderqueer,Accounting
Bernadette,Lovart,blovart2h@cnet.com,Genderfluid,Business Development
Faydra,Emanulsson,femanulsson2i@canalblog.com,Female,Accounting
Frederic,Daldry,fdaldry2j@opensource.org,Male,Research and Development
Piggy,Callicott,pcallicott2k@etsy.com,Male,Services
Scarface,Sines,ssines2l@tiny.cc,Male,Marketing
Doro,Kneafsey,dkneafsey2m@people.com.cn,Female,Training
Bowie,Tregear,btregear2n@smugmug.com,Male,Support
Brennen,Pickford,bpickford2o@squarespace.com,Male,Training
Lindsy,Felce,lfelce2p@accuweather.com,Genderqueer,Human Resources
Gideon,Arnett,garnett2q@spotify.com,Male,Business Development
Paige,Mc-Kerley,pmckerley2r@ca.gov,Male,Research and Development
